Academic_Year,AY_Start,AY_End,Region,Enrollees_K,Enrollees_G1,Enrollees_G2,Enrollees_G3,Enrollees_G4,Enrollees_G5,Enrollees_G6,Enrollees_G7,Enrollees_G8,Enrollees_G9,Enrollees_G10,Enrollees_G11_ABM,Enrollees_G11_HUMSS,Enrollees_G11_STEM,Enrollees_G11_GAS,Enrollees_G11_MARITIME,Enrollees_G11_TVL,Enrollees_G11_SPORTs,Enrollees_G11_A&D,Enrollees_G12_ABM,Enrollees_G12_HUMSS,Enrollees_G12_STEM,Enrollees_G12_GAS,Enrollees_G12_MARITIME,Enrollees_G12_TVL,Enrollees_G122_SPORTs,Enrollees_G12_A&D,Teachers_Elementary,Teachers_JHS,Teachers_SHS
SY 2010-2011,2010,2011,Region I - Ilocos Region,84553,120004,106298,101393,100785,98037,92149,84273,78310,73506,68718,0,0,0,0,0,0,0,0,0,0,0,0,0,0,0,0,21604,9032,0
SY 2010-2011,2010,2011,Region II - Cagayan Valley,27079,83959,73674,70180,68135,65510,62318,54156,50818,47089,42985,0,0,0,0,0,0,0,0,0,0,0,0,0,0,0,0,14728,5855,0
SY 2010-2011,2010,2011,Region III - Central Luzon,141901,258235,221107,210823,208874,200842,187311,171749,153636,137746,120765,0,0,0,0,0,0,0,0,0,0,0,0,0,0,0,0,34952,14534,0
SY 2010-2011,2010,2011,Region IV-A - CALABARZON,135149,311562,261317,253680,244886,234923,218548,205849,183617,165552,143008,0,0,0,0,0,0,0,0,0,0,0,0,0,0,0,0,37190,16193,0
SY 2010-2011,2010,2011,Region IV-B - MIMAROPA,47289,100391,82742,76393,71897,67372,62071,56084,48352,43540,38317,0,0,0,0,0,0,0,0,0,0,0,0,0,0,0,0,12900,4953,0
SY 2010-2011,2010,2011,Region V - Bicol Region,106282,213159,170617,158442,150241,141879,133409,115366,98742,88874,78227,0,0,0,0,0,0,0,0,0,0,0,0,0,0,0,0,27056,10513,0
SY 2010-2011,2010,2011,Region VI - Western Visayas,88707,218036,177969,161894,156429,148491,140308,134986,122672,113441,99801,0,0,0,0,0,0,0,0,0,0,0,0,0,0,0,0,32774,13859,0
SY 2010-2011,2010,2011,Region VII - Central Visayas,120553,210349,171819,161095,154928,146433,132932,125737,107960,95478,82874,0,0,0,0,0,0,0,0,0,0,0,0,0,0,0,0,25940,9866,0
SY 2010-2011,2010,2011,Region VIII - Eastern Visayas,67173,153902,125625,117311,112298,104891,96699,90002,76297,66295,55745,0,0,0,0,0,0,0,0,0,0,0,0,0,0,0,0,21860,7352,0
SY 2010-2011,2010,2011,Region IX - Zamboanga Peninsula,60672,139010,102402,91135,84217,78271,71410,64729,55241,48602,41617,0,0,0,0,0,0,0,0,0,0,0,0,0,0,0,0,16604,5703,0
SY 2010-2011,2010,2011,Region X - Northern Mindanao,57102,148861,114164,104506,98579,92688,83766,71037,59962,53225,45276,0,0,0,0,0,0,0,0,0,0,0,0,0,0,0,0,17999,5979,0
SY 2010-2011,2010,2011,Region XI - Davao Region,42417,164460,117582,105366,97127,89721,81815,75186,64442,56253,49119,0,0,0,0,0,0,0,0,0,0,0,0,0,0,0,0,17148,6619,0
SY 2010-2011,2010,2011,Region XII - Soccsksargen,61520,140422,111757,101066,94193,85988,77002,69835,60821,53575,47063,0,0,0,0,0,0,0,0,0,0,0,0,0,0,0,0,15761,6031,0
SY 2010-2011,2010,2011,CARAGA - CARAGA,48737,88740,70766,64690,61740,56816,52018,46965,42339,36508,31314,0,0,0,0,0,0,0,0,0,0,0,0,0,0,0,0,11569,4271,0
SY 2010-2011,2010,2011,BARMM - Bangsamoro Autonomous Region in Muslim Mindanao,55221,199242,152075,122489,95431,76331,65679,56998,47939,41620,30858,0,0,0,0,0,0,0,0,0,0,0,0,0,0,0,0,14317,3332,0
SY 2010-2011,2010,2011,CAR - Cordillera Administrative Region,19344,45245,38009,35756,34760,33077,30625,24878,22283,20700,18956,0,0,0,0,0,0,0,0,0,0,0,0,0,0,0,0,7848,2967,0
SY 2010-2011,2010,2011,NCR - National Capital Region,69614,241810,208721,203715,199930,195395,182319,195183,176840,160444,139995,0,0,0,0,0,0,0,0,0,0,0,0,0,0,0,0,31314,19210,0
SY 2011-2012,2011,2012,Region I - Ilocos Region,90902,121170,107962,103069,99749,99382,95519,82278,78752,72770,66237,0,0,0,0,0,0,0,0,0,0,0,0,0,0,0,0,21790,9271,0
SY 2011-2012,2011,2012,Region II - Cagayan Valley,58792,86154,73577,70380,68409,66315,62702,52504,50652,47758,43495,0,0,0,0,0,0,0,0,0,0,0,0,0,0,0,0,14521,5945,0
SY 2011-2012,2011,2012,Region III - Central Luzon,154152,261290,223819,214213,207842,205431,194436,170664,156282,141049,123256,0,0,0,0,0,0,0,0,0,0,0,0,0,0,0,0,35418,14832,0
SY 2011-2012,2011,2012,Region IV-A - CALABARZON,171378,329623,266791,255024,250743,241603,227610,205938,189171,171268,148842,0,0,0,0,0,0,0,0,0,0,0,0,0,0,0,0,37501,17445,0
SY 2011-2012,2011,2012,Region IV-B - MIMAROPA,64259,105042,82789,77602,73766,69633,64018,55771,50663,43696,38842,0,0,0,0,0,0,0,0,0,0,0,0,0,0,0,0,13215,5134,0
SY 2011-2012,2011,2012,Region V - Bicol Region,131113,221360,174297,159647,152914,144979,134986,119716,101876,88728,79262,0,0,0,0,0,0,0,0,0,0,0,0,0,0,0,0,27299,10744,0
SY 2011-2012,2011,2012,Region VI - Western Visayas,136092,229048,176997,167139,157404,151528,141149,135105,122704,111816,100727,0,0,0,0,0,0,0,0,0,0,0,0,0,0,0,0,33046,14218,0
SY 2011-2012,2011,2012,Region VII - Central Visayas,142558,219743,175835,164851,156651,151022,139853,123904,109867,96049,85495,0,0,0,0,0,0,0,0,0,0,0,0,0,0,0,0,26232,10202,0
SY 2011-2012,2011,2012,Region VIII - Eastern Visayas,95618,150198,126109,116821,111513,106591,98603,89578,78630,66649,57584,0,0,0,0,0,0,0,0,0,0,0,0,0,0,0,0,22003,7547,0
SY 2011-2012,2011,2012,Region IX - Zamboanga Peninsula,75248,144588,105880,93377,87058,80732,72448,64687,55932,49412,43051,0,0,0,0,0,0,0,0,0,0,0,0,0,0,0,0,16800,5820,0
SY 2011-2012,2011,2012,Region X - Northern Mindanao,103098,157072,118309,104501,99332,93237,84984,70622,61031,53113,45812,0,0,0,0,0,0,0,0,0,0,0,0,0,0,0,0,18188,6123,0
SY 2011-2012,2011,2012,Region XI - Davao Region,70704,163835,125476,108452,100944,92865,83102,75555,65730,56742,48977,0,0,0,0,0,0,0,0,0,0,0,0,0,0,0,0,17233,6756,0
SY 2011-2012,2011,2012,Region XII - Soccsksargen,94075,142167,113624,102719,96526,89284,80063,71246,60702,54951,47472,0,0,0,0,0,0,0,0,0,0,0,0,0,0,0,0,16019,6320,0
SY 2011-2012,2011,2012,CARAGA - CARAGA,55565,88310,71649,65615,62102,59098,53572,46641,42030,38046,31548,0,0,0,0,0,0,0,0,0,0,0,0,0,0,0,0,11947,4323,0
SY 2011-2012,2011,2012,BARMM - Bangsamoro Autonomous Region in Muslim Mindanao,84982,191760,147501,115820,92178,74550,64205,54850,47168,40951,31513,0,0,0,0,0,0,0,0,0,0,0,0,0,0,0,0,13104,3204,0
SY 2011-2012,2011,2012,CAR - Cordillera Administrative Region,31245,43597,37949,35561,34514,33580,31294,24838,22394,20443,18793,0,0,0,0,0,0,0,0,0,0,0,0,0,0,0,0,7999,3044,0
SY 2011-2012,2011,2012,NCR - National Capital Region,111473,251274,208814,202674,199600,197112,189083,190292,178549,162535,142861,0,0,0,0,0,0,0,0,0,0,0,0,0,0,0,0,31640,19588,0
SY 2012-2013,2012,2013,Region I - Ilocos Region,96075,117784,110018,105306,101444,98086,96592,86007,77773,73547,66720,0,0,0,0,0,0,0,0,0,0,0,0,0,0,0,0,22235,10022,0
SY 2012-2013,2012,2013,Region II - Cagayan Valley,66564,86899,76830,70997,68794,67119,63935,53499,49269,47040,43579,0,0,0,0,0,0,0,0,0,0,0,0,0,0,0,0,15284,6614,0
SY 2012-2013,2012,2013,Region III - Central Luzon,171644,255580,229087,217554,210427,203886,198573,175897,156920,143055,126432,0,0,0,0,0,0,0,0,0,0,0,0,0,0,0,0,36417,16710,0
SY 2012-2013,2012,2013,Region IV-A - CALABARZON,196791,327515,284048,260911,252089,246582,233896,212275,192644,177115,155429,0,0,0,0,0,0,0,0,0,0,0,0,0,0,0,0,39513,19439,0
SY 2012-2013,2012,2013,Region IV-B - MIMAROPA,68150,95511,88172,78116,74491,70936,65679,56886,51307,46327,39703,0,0,0,0,0,0,0,0,0,0,0,0,0,0,0,0,13622,5748,0
SY 2012-2013,2012,2013,Region V - Bicol Region,131665,203216,182210,163782,153847,147677,138055,120238,105990,91357,79417,0,0,0,0,0,0,0,0,0,0,0,0,0,0,0,0,28136,12170,0
SY 2012-2013,2012,2013,Region VI - Western Visayas,144810,220474,190940,167566,162379,152385,144142,134289,123559,110795,99909,0,0,0,0,0,0,0,0,0,0,0,0,0,0,0,0,33766,15479,0
SY 2012-2013,2012,2013,Region VII - Central Visayas,137539,220197,185010,169104,159992,152249,143805,130264,111785,99053,86565,0,0,0,0,0,0,0,0,0,0,0,0,0,0,0,0,27307,12026,0
SY 2012-2013,2012,2013,Region VIII - Eastern Visayas,96707,138492,128758,119487,112837,106985,100808,92121,79563,69405,59123,0,0,0,0,0,0,0,0,0,0,0,0,0,0,0,0,22736,9099,0
SY 2012-2013,2012,2013,Region IX - Zamboanga Peninsula,80917,133403,110259,95905,87067,80936,72843,62798,55734,49132,42750,0,0,0,0,0,0,0,0,0,0,0,0,0,0,0,0,17217,6491,0
SY 2012-2013,2012,2013,Region X - Northern Mindanao,100584,146975,126111,108254,98059,92839,85434,69611,61115,54223,46279,0,0,0,0,0,0,0,0,0,0,0,0,0,0,0,0,18831,6873,0
SY 2012-2013,2012,2013,Region XI - Davao Region,83750,153567,130579,115234,102419,95553,85737,75946,67246,57500,49998,0,0,0,0,0,0,0,0,0,0,0,0,0,0,0,0,17832,7543,0
SY 2012-2013,2012,2013,Region XII - Soccsksargen,96201,133264,119761,105152,96780,90430,82330,71210,61570,54678,49311,0,0,0,0,0,0,0,0,0,0,0,0,0,0,0,0,16794,6921,0
SY 2012-2013,2012,2013,CARAGA - CARAGA,54003,82559,74938,67623,62648,59181,55630,47122,42090,37434,33104,0,0,0,0,0,0,0,0,0,0,0,0,0,0,0,0,12358,5161,0
SY 2012-2013,2012,2013,BARMM - Bangsamoro Autonomous Region in Muslim Mindanao,90962,160845,135099,107903,87669,71815,61835,48908,42951,37776,30466,0,0,0,0,0,0,0,0,0,0,0,0,0,0,0,0,14402,3707,0
SY 2012-2013,2012,2013,CAR - Cordillera Administrative Region,31395,41888,37953,35930,34600,33258,31851,25614,22618,20657,18544,0,0,0,0,0,0,0,0,0,0,0,0,0,0,0,0,8278,3301,0
SY 2012-2013,2012,2013,NCR - National Capital Region,125748,244358,216284,202252,197921,195711,189593,196030,174440,164856,145330,0,0,0,0,0,0,0,0,0,0,0,0,0,0,0,0,33103,22439,0
SY 2013-2014,2013,2014,Region I - Ilocos Region,99468,109322,112035,108025,103698,100415,95947,87149,81099,73996,69152,0,0,0,0,0,0,0,0,0,0,0,0,0,0,0,0,22779,11431,0
SY 2013-2014,2013,2014,Region II - Cagayan Valley,69456,78769,82944,74911,70008,67761,65105,54610,50284,46607,44035,0,0,0,0,0,0,0,0,0,0,0,0,0,0,0,0,16038,7764,0
SY 2013-2014,2013,2014,Region III - Central Luzon,192426,242625,240498,226160,216320,208592,200016,181271,165830,147978,131871,0,0,0,0,0,0,0,0,0,0,0,0,0,0,0,0,38774,20539,0
SY 2013-2014,2013,2014,Region IV-A - CALABARZON,220092,289269,300402,273503,254287,244684,236353,212123,195448,176917,159765,0,0,0,0,0,0,0,0,0,0,0,0,0,0,0,0,43299,24588,0
SY 2013-2014,2013,2014,Region IV-B - MIMAROPA,69930,80768,89735,83761,75123,72021,67502,58033,52386,47153,42498,0,0,0,0,0,0,0,0,0,0,0,0,0,0,0,0,14826,7016,0
SY 2013-2014,2013,2014,Region V - Bicol Region,136829,163548,194616,174096,159301,150263,142329,122133,108945,97870,83779,0,0,0,0,0,0,0,0,0,0,0,0,0,0,0,0,29740,14544,0
SY 2013-2014,2013,2014,Region VI - Western Visayas,144748,184704,212274,184110,164103,158766,146978,134516,126055,114496,101829,0,0,0,0,0,0,0,0,0,0,0,0,0,0,0,0,35340,17710,0
SY 2013-2014,2013,2014,Region VII - Central Visayas,144425,179634,208642,179611,165258,156463,146410,131199,117171,102469,90425,0,0,0,0,0,0,0,0,0,0,0,0,0,0,0,0,30381,14693,0
SY 2013-2014,2013,2014,Region VIII - Eastern Visayas,96323,119209,127039,123426,115849,109681,102349,93689,82827,72191,63742,0,0,0,0,0,0,0,0,0,0,0,0,0,0,0,0,24490,10364,0
SY 2013-2014,2013,2014,Region IX - Zamboanga Peninsula,79445,102399,116278,99685,87994,80389,73660,62516,54723,49576,42791,0,0,0,0,0,0,0,0,0,0,0,0,0,0,0,0,18543,7631,0
SY 2013-2014,2013,2014,Region X - Northern Mindanao,97571,125445,131362,118751,103218,93467,87422,70273,62109,55802,49054,0,0,0,0,0,0,0,0,0,0,0,0,0,0,0,0,20681,8420,0
SY 2013-2014,2013,2014,Region XI - Davao Region,92727,128442,139286,122547,110360,98390,90325,77546,67646,59922,51351,0,0,0,0,0,0,0,0,0,0,0,0,0,0,0,0,19368,9017,0
SY 2013-2014,2013,2014,Region XII - Soccsksargen,96060,116256,122082,112548,99953,92180,85144,71859,62925,56173,48939,0,0,0,0,0,0,0,0,0,0,0,0,0,0,0,0,18898,8553,0
SY 2013-2014,2013,2014,CARAGA - CARAGA,57154,73179,75330,71963,65930,60564,56825,49674,43281,38706,33482,0,0,0,0,0,0,0,0,0,0,0,0,0,0,0,0,13213,6314,0
SY 2013-2014,2013,2014,BARMM - Bangsamoro Autonomous Region in Muslim Mindanao,93491,142477,129277,107150,89173,72263,62148,47671,43305,38394,32896,0,0,0,0,0,0,0,0,0,0,0,0,0,0,0,0,14590,3866,0
SY 2013-2014,2013,2014,CAR - Cordillera Administrative Region,32708,37796,39477,36812,35339,33837,32105,25809,23676,21474,19351,0,0,0,0,0,0,0,0,0,0,0,0,0,0,0,0,8747,3951,0
SY 2013-2014,2013,2014,NCR - National Capital Region,142954,229460,224487,210703,198234,194916,189602,194130,181757,164082,150144,0,0,0,0,0,0,0,0,0,0,0,0,0,0,0,0,32206,25250,0
SY 2014-2015,2014,2015,Region I - Ilocos Region,92728,105045,106975,111087,106900,102845,98721,85018,82858,76409,71120,0,0,0,0,0,0,0,0,0,0,0,0,0,0,0,0,23071,12116,0
SY 2014-2015,2014,2015,Region II - Cagayan Valley,66683,77715,75340,80893,73448,68465,65903,55333,51478,46546,43853,0,0,0,0,0,0,0,0,0,0,0,0,0,0,0,0,16435,8079,0
SY 2014-2015,2014,2015,Region III - Central Luzon,188279,233862,228519,236255,223310,213044,204538,178448,169939,152166,137768,0,0,0,0,0,0,0,0,0,0,0,0,0,0,0,0,39972,23113,0
SY 2014-2015,2014,2015,Region IV-A - CALABARZON,217833,285685,279125,302636,276234,255061,242899,217372,203856,184603,171723,0,0,0,0,0,0,0,0,0,0,0,0,0,0,0,0,45219,27409,0
SY 2014-2015,2014,2015,Region IV-B - MIMAROPA,68498,79012,77635,87704,81780,73330,69280,60076,53914,48191,44384,0,0,0,0,0,0,0,0,0,0,0,0,0,0,0,0,15516,7676,0
SY 2014-2015,2014,2015,Region V - Bicol Region,130790,152120,157211,188736,169212,155151,145094,125599,112533,99224,90850,0,0,0,0,0,0,0,0,0,0,0,0,0,0,0,0,30781,15829,0
SY 2014-2015,2014,2015,Region VI - Western Visayas,136548,172269,178599,209651,181003,161354,154838,134771,127830,116642,109136,0,0,0,0,0,0,0,0,0,0,0,0,0,0,0,0,35854,18638,0
SY 2014-2015,2014,2015,Region VII - Central Visayas,138561,172983,171376,205495,176265,161863,151172,131882,121390,106330,96926,0,0,0,0,0,0,0,0,0,0,0,0,0,0,0,0,31667,16756,0
SY 2014-2015,2014,2015,Region VIII - Eastern Visayas,92104,113310,113988,125006,120936,113096,105587,93063,84255,73083,66382,0,0,0,0,0,0,0,0,0,0,0,0,0,0,0,0,25099,11324,0
SY 2014-2015,2014,2015,Region IX - Zamboanga Peninsula,75556,99151,99705,116871,98717,86921,77863,66654,57966,50200,47121,0,0,0,0,0,0,0,0,0,0,0,0,0,0,0,0,19077,8258,0
SY 2014-2015,2014,2015,Region X - Northern Mindanao,96435,115601,117630,126533,114447,99902,89532,73669,64835,56589,52124,0,0,0,0,0,0,0,0,0,0,0,0,0,0,0,0,21078,9125,0
SY 2014-2015,2014,2015,Region XI - Davao Region,104930,110195,121102,135418,119607,107597,94556,82294,72386,62308,56606,0,0,0,0,0,0,0,0,0,0,0,0,0,0,0,0,20256,9750,0
SY 2014-2015,2014,2015,Region XII - Soccsksargen,95884,115616,113116,121526,111930,98864,89922,76981,68312,59026,54748,0,0,0,0,0,0,0,0,0,0,0,0,0,0,0,0,19633,9325,0
SY 2014-2015,2014,2015,CARAGA - CARAGA,56654,71620,68758,73105,70630,64294,58760,51413,46426,39770,35869,0,0,0,0,0,0,0,0,0,0,0,0,0,0,0,0,13813,6854,0
SY 2014-2015,2014,2015,BARMM - Bangsamoro Autonomous Region in Muslim Mindanao,78562,122688,111933,101480,87208,71952,62056,42453,39747,34557,31327,0,0,0,0,0,0,0,0,0,0,0,0,0,0,0,0,15649,4473,0
SY 2014-2015,2014,2015,CAR - Cordillera Administrative Region,31346,35617,36139,38519,36061,34434,32577,26022,24364,21910,20085,0,0,0,0,0,0,0,0,0,0,0,0,0,0,0,0,8904,4239,0
SY 2014-2015,2014,2015,NCR - National Capital Region,141569,216636,209897,215162,203744,192798,186637,186452,179998,166510,152358,0,0,0,0,0,0,0,0,0,0,0,0,0,0,0,0,35824,26746,0
SY 2015-2016,2015,2016,Region I - Ilocos Region,86331,95919,103423,106109,110053,105755,101262,86610,81038,77906,71137,0,0,0,0,0,0,0,0,0,0,0,0,0,0,0,0,24138,13311,0
SY 2015-2016,2015,2016,Region II - Cagayan Valley,63616,74260,75485,74537,79569,72229,67032,56814,52449,48372,42568,0,0,0,0,0,0,0,0,0,0,0,0,0,0,0,0,17857,8771,0
SY 2015-2016,2015,2016,Region III - Central Luzon,188118,211521,227281,227521,235149,222260,210347,181127,169660,160293,138981,0,0,0,0,0,0,0,0,0,0,0,0,0,0,0,0,43501,25852,0
SY 2015-2016,2015,2016,Region IV-A - CALABARZON,206082,268433,276745,278210,300415,274600,252383,220338,208808,193974,172789,0,0,0,0,0,0,0,0,0,0,0,0,0,0,0,0,49264,30632,0
SY 2015-2016,2015,2016,Region IV-B - MIMAROPA,67015,74252,76797,76620,86033,79560,70992,61440,56119,50309,43939,0,0,0,0,0,0,0,0,0,0,0,0,0,0,0,0,17279,8447,0
SY 2015-2016,2015,2016,Region V - Bicol Region,131324,139641,146910,154716,182907,165261,150450,127813,116400,103700,89620,0,0,0,0,0,0,0,0,0,0,0,0,0,0,0,0,33833,17746,0
SY 2015-2016,2015,2016,Region VI - Western Visayas,126393,159454,168348,177238,205304,177585,157035,140179,127433,119413,105427,0,0,0,0,0,0,0,0,0,0,0,0,0,0,0,0,37888,19878,0
SY 2015-2016,2015,2016,Region VII - Central Visayas,127407,164943,166139,170194,200081,172844,157126,136120,123074,111684,96866,0,0,0,0,0,0,0,0,0,0,0,0,0,0,0,0,34015,19211,0
SY 2015-2016,2015,2016,Region VIII - Eastern Visayas,94032,99146,109916,112013,122918,118698,109733,96219,86530,77349,66054,0,0,0,0,0,0,0,0,0,0,0,0,0,0,0,0,28030,13527,0
SY 2015-2016,2015,2016,Region IX - Zamboanga Peninsula,71425,86666,93280,97152,112654,94945,82752,69650,60954,52770,44388,0,0,0,0,0,0,0,0,0,0,0,0,0,0,0,0,20803,9788,0
SY 2015-2016,2015,2016,Region X - Northern Mindanao,91727,110961,110828,114588,122752,111253,95923,74576,67539,59511,51072,0,0,0,0,0,0,0,0,0,0,0,0,0,0,0,0,22845,10231,0
SY 2015-2016,2015,2016,Region XI - Davao Region,99492,111178,108613,119133,132161,116580,103879,85451,76576,66207,55522,0,0,0,0,0,0,0,0,0,0,0,0,0,0,0,0,21764,10768,0
SY 2015-2016,2015,2016,Region XII - Soccsksargen,89045,108985,111066,110556,118447,108247,94587,78329,70873,62738,53788,0,0,0,0,0,0,0,0,0,0,0,0,0,0,0,0,21475,10873,0
SY 2015-2016,2015,2016,CARAGA - CARAGA,57132,66747,68010,67044,71497,68790,62240,52244,47756,42598,35524,0,0,0,0,0,0,0,0,0,0,0,0,0,0,0,0,15210,7637,0
SY 2015-2016,2015,2016,BARMM - Bangsamoro Autonomous Region in Muslim Mindanao,73283,109713,100670,90948,84830,72525,62195,39376,37113,33342,28990,0,0,0,0,0,0,0,0,0,0,0,0,0,0,0,0,14179,4277,0
SY 2015-2016,2015,2016,CAR - Cordillera Administrative Region,29274,33127,34850,35526,38126,35405,33560,26433,24492,22716,20312,0,0,0,0,0,0,0,0,0,0,0,0,0,0,0,0,9890,4539,0
SY 2015-2016,2015,2016,NCR - National Capital Region,135617,195621,204311,204050,208624,199568,186930,180614,174511,166685,149735,0,0,0,0,0,0,0,0,0,0,0,0,0,0,0,0,36995,27833,0
SY 2016-2017,2016,2017,Region I - Ilocos Region,74712,89943,95136,103010,105371,108926,104552,89287,83558,77423,73035,3991,3539,4624,14881,0,24406,49,135,0,0,0,0,0,0,0,0,24237,13006,2082
SY 2016-2017,2016,2017,Region II - Cagayan Valley,54511,67907,72491,74992,73815,78179,70800,57833,53834,49245,44579,2357,2395,3350,11918,0,11284,135,78,0,0,0,0,0,0,0,0,18098,8670,1246
SY 2016-2017,2016,2017,Region III - Central Luzon,169474,197521,208260,225661,225823,232930,218392,186364,172094,159427,146021,8463,6564,6703,17375,80,36297,224,124,0,0,0,0,0,0,0,0,43342,25270,4011
SY 2016-2017,2016,2017,Region IV-A - CALABARZON,206206,234958,264780,277324,278625,298349,271298,229303,211882,198682,180091,10037,8164,6831,13956,0,36577,79,252,0,0,0,0,0,0,0,0,49530,29975,4942
SY 2016-2017,2016,2017,Region IV-B - MIMAROPA,58344,72304,72340,75707,74994,83373,76893,62435,56998,51927,45722,2188,2100,2293,11180,0,12602,128,250,0,0,0,0,0,0,0,0,16982,8083,1471
SY 2016-2017,2016,2017,Region V - Bicol Region,114726,140356,135756,145142,152163,178026,161045,134194,119331,106410,92591,3442,2181,2207,25268,0,31890,157,314,0,0,0,0,0,0,0,0,33594,17142,2634
SY 2016-2017,2016,2017,Region VI - Western Visayas,105468,152084,156089,167237,175331,200739,173447,142409,132397,119497,108427,5088,7278,3069,23888,0,39718,82,197,0,0,0,0,0,0,0,0,38203,19539,3127
SY 2016-2017,2016,2017,Region VII - Central Visayas,113273,150873,160115,164627,168110,195235,168649,141720,126324,112771,101771,3634,4318,3328,16644,0,29194,124,118,0,0,0,0,0,0,0,0,34372,18940,2858
SY 2016-2017,2016,2017,Region VIII - Eastern Visayas,85274,97615,97743,108640,110137,120504,115486,100071,88532,78359,68283,3519,7872,1887,14515,0,24513,58,30,0,0,0,0,0,0,0,0,27765,12907,1994
SY 2016-2017,2016,2017,Region IX - Zamboanga Peninsula,71050,78661,83477,91844,94646,108149,91024,74892,63440,55472,46161,1585,1845,1379,6922,0,12834,64,86,0,0,0,0,0,0,0,0,20879,9170,1310
SY 2016-2017,2016,2017,Region X - Northern Mindanao,85705,104000,107336,108966,111999,119357,107302,80235,68471,61829,53539,2793,3162,1318,9235,0,18917,49,136,0,0,0,0,0,0,0,0,22996,10300,1564
SY 2016-2017,2016,2017,Region XI - Davao Region,79307,103357,109065,107473,116684,128512,112550,93462,79356,69459,58945,1366,2140,1091,7571,0,17811,9,87,0,0,0,0,0,0,0,0,22184,10520,1609
SY 2016-2017,2016,2017,Region XII - Soccsksargen,81737,98443,105110,108584,107905,114647,103594,81983,71886,64317,56081,2734,7382,2143,6037,0,20350,175,163,0,0,0,0,0,0,0,0,21705,10446,1598
SY 2016-2017,2016,2017,CARAGA - CARAGA,49634,63710,64435,66781,65996,69997,66964,54836,48674,43770,38416,907,1527,1410,6527,0,12650,29,24,0,0,0,0,0,0,0,0,15055,7323,1071
SY 2016-2017,2016,2017,BARMM - Bangsamoro Autonomous Region in Muslim Mindanao,81325,107050,97676,91374,83455,76259,66316,41371,35758,32323,28809,906,882,765,5821,0,5833,31,69,0,0,0,0,0,0,0,0,15361,4447,934
SY 2016-2017,2016,2017,CAR - Cordillera Administrative Region,25759,31130,32637,34422,35307,37479,34704,27431,24656,22868,20757,749,1386,1232,2558,0,4757,35,94,0,0,0,0,0,0,0,0,9838,4728,645
SY 2016-2017,2016,2017,NCR - National Capital Region,140249,174426,189317,201099,200488,205202,194973,184954,172647,163890,152433,5870,2182,4815,5788,0,15103,205,300,0,0,0,0,0,0,0,0,35993,26617,3692
SY 2017-2018,2017,2018,Region I - Ilocos Region,94819,78156,89133,95128,102535,104652,107603,91575,86456,80450,73724,4549,6253,3937,16063,0,22975,18,184,4077,3372,4405,13351,0,21641,36,119,24768,13471,3594
SY 2017-2018,2017,2018,Region II - Cagayan Valley,70196,58481,66682,71824,73987,72783,76538,59740,54665,50830,46210,3020,3776,3053,10663,0,12059,108,93,2063,2204,3105,10269,0,10781,128,72,18420,8930,2276
SY 2017-2018,2017,2018,Region III - Central Luzon,214554,176765,196173,207955,224085,223864,228720,187136,176377,163301,148767,7972,8290,5510,17905,60,35008,155,127,7621,5761,6238,15187,76,30247,159,106,44493,25948,5415
SY 2017-2018,2017,2018,Region IV-A - CALABARZON,271143,220238,236836,264799,276009,276290,293281,239737,218067,203132,187498,10506,13278,4611,13656,52,35431,144,173,9348,7832,6295,12079,0,31871,72,199,51167,31166,5152
SY 2017-2018,2017,2018,Region IV-B - MIMAROPA,71306,63558,70291,71447,74266,73545,80370,66785,58932,53946,48208,1863,2966,1880,11561,0,12139,138,187,2045,1898,2044,9590,0,10605,135,225,17394,8607,2159
SY 2017-2018,2017,2018,Region V - Bicol Region,141310,124497,134886,134202,142884,149198,172918,141475,126483,111874,98619,3592,3138,2703,27002,0,31472,141,371,3264,2066,2207,22644,0,27857,119,367,34463,17566,3363
SY 2017-2018,2017,2018,Region VI - Western Visayas,147785,123705,148739,155077,165942,172899,195366,154604,134916,125770,111629,4962,11604,3382,20905,0,36958,89,160,4674,6605,3018,20717,0,34035,75,172,38947,20036,4639
SY 2017-2018,2017,2018,Region VII - Central Visayas,155613,124385,146933,158276,162576,164691,189844,145688,131485,118317,105263,3197,5728,2857,20498,0,30550,162,165,3320,4021,3136,16826,0,27382,124,107,35385,20229,3264
SY 2017-2018,2017,2018,Region VIII - Eastern Visayas,102989,89537,95394,97107,106990,108360,117201,103454,92415,81854,71277,2844,8969,2167,14608,0,21936,2,14,3092,6916,1862,12634,0,20781,54,28,28516,13268,3454
SY 2017-2018,2017,2018,Region IX - Zamboanga Peninsula,85088,75289,77183,82429,89357,91674,102638,81043,68138,58259,50250,1571,3093,1396,7476,0,12932,47,78,1468,1653,1188,5977,0,10562,48,93,21592,9466,1399
SY 2017-2018,2017,2018,Region X - Northern Mindanao,104814,94178,101522,105966,106944,109384,115446,86641,73248,63540,56756,2664,4226,1284,8767,0,15523,95,181,2441,2692,1217,7674,0,16063,38,109,23857,10310,2027
SY 2017-2018,2017,2018,Region XI - Davao Region,106799,85003,102034,108289,106124,114042,123779,100071,86129,72562,63521,1205,2935,1094,8516,0,18083,8,108,1211,1816,1049,6799,0,14710,9,77,23257,11321,2123
SY 2017-2018,2017,2018,Region XII - Soccsksargen,104145,85476,96822,103818,107137,105835,111013,90086,75624,66329,58799,2394,9248,1972,5829,0,17863,165,173,2412,6665,2037,4928,0,15704,134,120,22384,11003,2707
SY 2017-2018,2017,2018,CARAGA - CARAGA,61657,55039,61613,63361,65321,64605,68045,58072,51799,45806,40558,1401,2491,1646,7353,0,12816,39,42,902,1492,1364,6032,0,11164,25,39,15647,7826,1703
SY 2017-2018,2017,2018,BARMM - Bangsamoro Autonomous Region in Muslim Mindanao,87049,94048,91459,84700,80751,75289,68964,40759,36189,30539,27676,875,1018,720,5899,0,5100,44,53,796,887,702,5129,0,5119,20,38,14811,4732,600
SY 2017-2018,2017,2018,CAR - Cordillera Administrative Region,30789,27126,30570,32365,33979,34773,36525,27856,25432,23035,21164,912,1761,905,2668,0,4694,43,61,632,1236,1064,2303,0,4028,32,84,10007,4564,842
SY 2017-2018,2017,2018,NCR - National Capital Region,173266,157898,172219,185896,195702,195527,199280,187456,174025,164020,153286,6318,3954,4888,6266,0,16626,145,321,5663,2219,4809,5230,0,12950,160,246,37191,27652,2462
SY 2018-2019,2018,2019,Region I - Ilocos Region,99218,96620,77846,89154,94915,101994,103464,96020,90253,83292,76700,4585,9372,5283,14705,0,25797,0,196,4469,6275,4147,15358,0,21648,17,180,25737,13916,3899
SY 2018-2019,2018,2019,Region II - Cagayan Valley,75808,73176,58626,66445,71350,73336,71815,66037,58675,52014,47982,3160,6927,3818,9958,0,13623,135,163,2904,3921,3152,9648,0,11780,109,112,19289,9564,2715
SY 2018-2019,2018,2019,Region III - Central Luzon,229032,220365,176934,197213,208155,223235,221189,200973,184352,167852,153563,9866,12509,6801,19106,82,37116,197,114,8081,8210,5822,17189,48,32819,168,108,48160,28299,6068
SY 2018-2019,2018,2019,Region IV-A - CALABARZON,284579,280105,223941,240580,265875,276016,274267,265377,236711,211592,192466,12494,18402,6728,11746,53,39384,197,400,10814,13396,5064,12899,43,33327,197,256,55041,34583,5951
SY 2018-2019,2018,2019,Region IV-B - MIMAROPA,74883,75817,62711,69477,70496,72982,71687,70492,64034,55439,49940,2252,4994,2585,11590,0,13904,136,200,1745,2682,1857,11187,0,10969,112,177,17946,9430,2444
SY 2018-2019,2018,2019,Region V - Bicol Region,142250,149116,121203,133046,132589,141094,146670,154898,137243,118582,104248,4483,4935,3656,31660,41,34166,126,463,3616,3111,2805,26522,0,29116,126,411,35681,19481,4662
SY 2018-2019,2018,2019,Region VI - Western Visayas,148546,160325,129822,148267,154211,164506,169888,176860,149902,129041,118254,6450,18144,4982,14637,0,42739,145,228,5121,11911,3520,17961,0,34267,76,130,40507,21956,5701
SY 2018-2019,2018,2019,Region VII - Central Visayas,157454,162818,125362,147069,157790,161384,162281,170006,142368,124342,111950,4139,9009,3408,22023,31,34490,149,210,3296,6101,2976,19269,32,29636,147,197,37766,21089,3756
SY 2018-2019,2018,2019,Region VIII - Eastern Visayas,105438,106062,87788,94401,96068,105239,105674,106839,98280,85837,74945,3304,11112,2490,16711,0,25914,133,38,2822,8759,2114,13986,0,20641,38,67,30034,15195,3774
SY 2018-2019,2018,2019,Region IX - Zamboanga Peninsula,87087,89910,75151,77388,82130,88480,88802,94360,76682,62637,52329,2074,6454,2029,4324,0,19761,72,113,1619,3267,1479,6840,0,12410,43,37,21505,10517,1928
SY 2018-2019,2018,2019,Region X - Northern Mindanao,113207,108865,94010,100438,104142,105240,106403,96861,83872,68191,58987,3462,7531,1954,9112,0,18799,165,127,2508,4223,1324,8370,0,14747,101,119,24781,11271,2367
SY 2018-2019,2018,2019,Region XI - Davao Region,108435,110576,85069,102117,107231,105185,110866,111786,95221,79505,66673,2013,5017,1725,9275,0,23114,13,110,1309,2917,1298,8159,0,17267,8,126,24489,13149,2566
SY 2018-2019,2018,2019,Region XII - Soccsksargen,108276,105352,86980,96404,102815,105245,102854,97747,85037,70042,60394,2990,13272,2844,4579,0,21634,139,232,2301,9299,2075,5097,0,16057,148,158,24097,12108,2894
SY 2018-2019,2018,2019,CARAGA - CARAGA,66344,64549,54548,60971,62485,64166,62912,60392,56425,48859,42521,1804,3838,2313,8496,0,14944,61,74,1465,2464,1741,7041,0,12421,30,43,16529,8731,2104
SY 2018-2019,2018,2019,BARMM - Bangsamoro Autonomous Region in Muslim Mindanao,96939,93723,88177,83362,77874,74854,70619,45172,38493,32834,27735,895,1503,993,7129,0,5352,22,99,793,969,739,5533,0,4289,41,65,15863,4965,393
SY 2018-2019,2018,2019,CAR - Cordillera Administrative Region,33446,31834,27375,30482,32338,33654,34291,29931,26444,24129,21791,1014,3276,1320,2339,0,5143,52,44,878,1801,1041,2666,0,4480,39,56,10349,4733,668
SY 2018-2019,2018,2019,NCR - National Capital Region,179733,186689,160860,171842,184419,194173,192621,196030,181557,165571,154682,7335,5874,6238,6746,0,19588,217,613,6561,4242,5029,6203,0,16559,148,480,36632,29540,3266
SY 2019-2020,2019,2020,Region I - Ilocos Region,75959,102181,95979,77993,89200,94792,101234,93602,93218,87246,79405,5115,12858,6699,12567,0,26641,0,243,4558,9046,5330,13825,0,23605,0,174,25955,14741,4507
SY 2019-2020,2019,2020,Region II - Cagayan Valley,57425,78666,72513,58552,66201,70953,72599,63395,62960,56109,49517,2887,10213,4740,8837,0,13497,241,169,3117,6984,3837,9204,0,12364,114,142,19546,9535,2868
SY 2019-2020,2019,2020,Region III - Central Luzon,183366,235219,217953,177582,197480,207927,220661,198107,194024,176747,159459,10340,18864,9292,17181,74,36582,121,169,9610,11918,6935,17676,82,33220,186,115,48812,28892,6405
SY 2019-2020,2019,2020,Region IV-A - CALABARZON,235657,296299,278407,226162,241976,266789,273862,252911,254883,228298,201198,13620,26869,8812,8866,78,37563,256,512,12239,18181,6976,10893,48,35182,189,411,57348,35036,6470
SY 2019-2020,2019,2020,Region IV-B - MIMAROPA,62580,79994,73661,62221,68531,69908,71409,64415,66434,60241,52001,2574,8326,3153,10663,0,14393,183,252,2341,4842,2551,10593,0,12221,124,184,18509,10212,2687
SY 2019-2020,2019,2020,Region V - Bicol Region,126309,150668,143769,120135,131351,131254,138936,132293,144755,128244,109527,4484,7039,4332,31896,37,34034,172,540,4534,5007,3657,29147,40,31126,121,497,36886,20246,5441
SY 2019-2020,2019,2020,Region VI - Western Visayas,121950,164161,157862,129636,147646,153231,162307,156002,167595,141845,120544,6713,24978,6297,13342,0,44631,166,231,6235,17640,5056,13198,0,37686,121,227,41336,22567,6166
SY 2019-2020,2019,2020,Region VII - Central Visayas,137735,165040,160390,125487,146239,156138,159056,147746,157449,132972,117199,4793,12902,4328,23318,15,36072,152,323,4155,9532,3605,20039,31,31416,131,197,39516,22526,4454
SY 2019-2020,2019,2020,Region VIII - Eastern Visayas,87663,109065,103654,87123,93671,95146,103324,98759,99889,91609,78906,3644,14038,3062,16930,0,26963,97,98,3224,10462,2490,15548,0,23634,114,37,30273,15498,4188
SY 2019-2020,2019,2020,Region IX - Zamboanga Peninsula,79555,92400,88074,74687,76894,81276,85913,82185,84702,69589,56488,2222,7873,2538,3213,0,22573,31,164,1975,6257,2012,3396,0,17774,48,107,22624,11001,2290
SY 2019-2020,2019,2020,Region X - Northern Mindanao,97570,116930,107336,93559,99385,102781,103311,90768,89854,77525,63520,3296,9666,2737,8088,0,19967,191,103,3203,7357,2062,7638,0,16803,144,139,25494,11830,2594
SY 2019-2020,2019,2020,Region XI - Davao Region,94638,112785,108493,85370,101273,106159,102581,102529,103482,87417,73008,2151,6637,1964,8875,0,22989,7,139,2069,4929,1678,8325,0,20502,16,164,25098,13683,2978
SY 2019-2020,2019,2020,Region XII - Soccsksargen,91535,110945,103847,86519,95336,101614,103016,92748,91563,78428,64707,2820,16382,3394,3120,0,20676,154,274,2861,12892,2889,3698,0,18576,133,243,24475,12681,3278
SY 2019-2020,2019,2020,CARAGA - CARAGA,54921,69238,63517,54223,60383,61774,63095,56228,57766,52708,45572,1882,4304,2817,9084,0,15293,60,164,1808,3653,2295,8000,0,13384,60,77,16700,9018,2421
SY 2019-2020,2019,2020,BARMM - Bangsamoro Autonomous Region in Muslim Mindanao,96298,97058,88502,81870,77053,72331,69574,47038,41993,35254,30475,878,2316,1044,8393,0,6893,28,52,904,1487,945,6386,0,4482,22,81,16348,5236,610
SY 2019-2020,2019,2020,CAR - Cordillera Administrative Region,26306,34444,31604,27274,30456,32116,33333,27780,27876,24834,22677,1174,4161,1555,2531,38,4888,77,46,987,3157,1298,2086,0,4581,44,41,10610,4808,908
SY 2019-2020,2019,2020,NCR - National Capital Region,161609,191673,184661,160721,170436,182789,191790,191052,183797,173232,156134,8076,9097,7371,6298,0,20354,273,587,7171,5997,6212,6065,0,17982,183,561,37670,29883,3335
SY 2020-2021,2020,2021,Region I - Ilocos Region,94116,81564,103588,97987,79719,90594,95320,92467,92384,92277,85439,5602,17645,8845,14239,0,26643,0,125,5069,12447,6688,12085,0,24496,0,227,26699,15117,5138
SY 2020-2021,2020,2021,Region II - Cagayan Valley,71127,62155,79107,73591,59442,66894,70933,66195,63345,62601,55463,3299,14676,6501,10248,0,12652,177,118,2964,10417,4878,8152,0,12563,234,156,20534,10127,3441
SY 2020-2021,2020,2021,Region III - Central Luzon,206499,194829,235855,221092,180349,200552,207228,195207,192244,187749,171167,13236,28916,13857,21920,116,35749,132,170,10131,17839,9560,16370,75,31954,103,107,49911,29860,7357
SY 2020-2021,2020,2021,Region IV-A - CALABARZON,257811,253351,297550,282112,228360,246049,264399,244844,243509,246328,220604,17855,38909,13784,8117,70,37241,203,325,13466,25836,9104,8144,66,33193,196,481,60421,36551,7536
SY 2020-2021,2020,2021,Region IV-B - MIMAROPA,71474,69440,77107,72522,61186,67427,68503,61043,61488,62184,57392,2929,11086,4478,12604,0,13000,125,186,2541,7559,3173,10313,0,13088,166,235,19277,10325,3127
SY 2020-2021,2020,2021,Region V - Bicol Region,123345,133048,140485,137404,115027,126431,126429,109620,117412,126886,112529,4692,8076,4900,37915,37,26852,127,453,4145,6504,4176,28024,35,27251,143,521,38012,21228,6696
SY 2020-2021,2020,2021,Region VI - Western Visayas,144282,139661,163219,158587,130619,148186,152495,151250,156061,163762,138227,7517,31585,8666,15514,0,45780,89,201,6700,24183,6573,12687,0,40679,153,228,42132,23296,7060
SY 2020-2021,2020,2021,Region VII - Central Visayas,150235,146880,161649,158383,124660,145008,153947,137491,136900,145879,125381,5751,17932,5799,27619,31,33673,182,258,4532,12707,4472,20873,15,32011,143,335,40653,24145,6144
SY 2020-2021,2020,2021,Region VIII - Eastern Visayas,99986,93679,107036,103326,86895,93558,94453,96281,95531,96008,87289,4410,18304,4382,19402,0,25293,126,50,3574,13502,3118,15977,0,24687,105,95,30620,15841,4735
SY 2020-2021,2020,2021,Region IX - Zamboanga Peninsula,77264,84268,88430,85402,72767,75487,78587,77452,78463,80318,66181,2564,12830,3533,5213,0,22390,61,78,2177,7823,2555,2927,0,20348,45,151,23305,11756,3236
SY 2020-2021,2020,2021,Region X - Northern Mindanao,100022,102570,113957,105669,91814,97498,100026,84774,85504,84411,73626,3891,14082,3983,10131,0,18406,91,50,3305,9479,2852,7395,0,17825,183,111,26810,12888,3414
SY 2020-2021,2020,2021,Region XI - Davao Region,95418,97569,108125,104702,82347,97975,101232,88835,94063,94088,80582,2709,9577,2941,13617,0,24649,7,70,1845,6256,1867,8055,0,20247,6,88,26010,14773,3365
SY 2020-2021,2020,2021,Region XII - Soccsksargen,95290,96596,110462,103302,86288,94870,99723,89355,88169,86416,74145,3657,24243,5057,2860,0,20380,104,264,2754,16007,3468,2534,0,18709,167,217,25244,12774,3691
SY 2020-2021,2020,2021,CARAGA - CARAGA,60342,59573,68036,63224,54055,60158,61074,55731,55327,55806,51100,2001,6755,3930,12256,0,14968,17,173,1882,4342,2845,8776,0,14252,54,158,17440,9356,3106
SY 2020-2021,2020,2021,BARMM - Bangsamoro Autonomous Region in Muslim Mindanao,88218,92456,88416,81183,75224,70345,66268,42776,40888,37749,32096,798,2702,1175,10017,0,6907,28,21,782,2165,885,7559,0,6155,22,52,17228,5505,755
SY 2020-2021,2020,2021,CAR - Cordillera Administrative Region,31801,28883,35074,32086,27743,30921,32259,27104,26923,26454,24009,1273,6544,2025,2928,21,5650,69,46,1135,4251,1585,2432,37,4550,68,38,11007,5128,1258
SY 2020-2021,2020,2021,NCR - National Capital Region,160389,174573,190446,184955,160502,171628,180654,178693,176095,173562,161245,11312,12928,10480,7683,0,21699,274,507,7733,8454,7092,5568,0,17933,209,527,38796,30017,3997
